"LIBRARYREFERENCE","FOOTPRINT1","AVERAGE RECTIFIED CURRENT","CAPACITANCE","CASE CODE (IMPERIAL)","CASE CODE (METRIC)","CASE/PACKAGE","CATEGORY","COMMENT","COMPONENTLINK1DESCRIPTION","COMPONENTLINK1URL","COMPONENTLINK2DESCRIPTION","COMPONENTLINK2URL","COMPONENTLINK3DESCRIPTION","COMPONENTLINK3URL","COMPONENTLINK4DESCRIPTION","COMPONENTLINK4URL","COMPONENTLINK5DESCRIPTION","COMPONENTLINK5URL","COMPOSITION","CONTACT PLATING","DEPTH","DIELECTRIC","ELEMENT CONFIGURATION","FAULT PROTECTION","FEATURES","FORWARD CURRENT","FORWARD VOLTAGE","HALOGEN FREE","HEIGHT","INTERFACE","INTERNALPART","LEAD FREE","LENGTH","MANUFACTURER","MANUFACTURER PART NUMBER","MAX FORWARD SURGE CURRENT (IFSM)","MAX OPERATING TEMPERATURE","MAX POWER DISSIPATION","MAX REPETITIVE REVERSE VOLTAGE (VRRM)","MAX REVERSE LEAKAGE CURRENT","MAX REVERSE VOLTAGE (DC)","MILITARY STANDARD","MIN OPERATING TEMPERATURE","MNAUFACTURER","MOUNT","MPN","NAME","NUMBER OF PINS","NUMBER OF TERMINATIONS","OPERATING SUPPLY VOLTAGE","OUTPUT VOLTAGE","PACKAGE QUANTITY","PACKAGING","PARAMETER 1","PEAK REVERSE CURRENT","POWER DISSIPATION","POWER RATING","PRICING 1","RADIATION HARDENING","REACH SVHC","RECOVERY TIME","RESISTANCE","REVERSE RECOVERY TIME","REVERSE VOLTAGE","ROHS","STOCK 1","SUPPLIER 1","SUPPLIER PART NUMBER 1","TEMPERATURE COEFFICIENT","TERMINATION","THICKNESS","TOLERANCE","VALUE","VOLTAGE","VOLTAGE RATING","VOLTAGE RATING (DC)","WEIGHT","WIDTH","SHEETPART","DESIGNATOR","DESCRIPTION"
"1.8V Zener Diode","","","","","","","","DIODE ZENER 500mW","","","","","","","","","","","","","","","","","","","","","","","","","","Generic","","","","","","","","","","","","1.8V 500mW","","","","","","","","","","","","","","","","","","","","","","","","","","","1.8V","","","","","","*","D?","Diode, smd, 1.8V, 5%, 500mW, 0603"
"100 Ohm Res","Res_ThinFilm_0603","","","","","","","100R","","","","","","","","","","","","","","","","","","","","","","","","","","Generic","","","","","","","","","","","","Resistor, SMD 10k 1% 0603","","","","","","","","","","","","","","","","","","","","","","","","","","","100R","","","","","","*","R?","Resistor, smd, 100R, 5%, 0603"
"10K Resistor","Res_ThinFilm_0603","","","0603","1608","0603","Chip SMD Resistors","10k","","","","","","","","","","","Thick Film","Tin","0.85mm","","","","Automotive AEC-Q200","","","","0.02inch","","","Lead Free","1.55mm","Vishay Dale","CRCW060310K0JNEA","","155°C","100mW","","","","Not","-55°C","","Surface Mount","","","2","2","","","1","Tape and Reel","","","","100mW","","No","Unknown","","10kR","","","","","","","200ppm/°C","SMD/SMT","","5%","","","75V","75V","7.1E-05oz","0.033inch","*","R?","Resistor, smd, 10 kOhms, 5%, 0.1W, 0603"
"10M Resistor","Res_ThinFilm_0603","","","0603","1608","0603","Chip SMD Resistors","10M","","","","","","","","","","","Thick Film","Tin","0.85mm","","","","Automotive AEC-Q200","","","","0.02inch","","","Lead Free","1.55mm","Vishay Dale","CRCW060310K0JNEA","","155°C","100mW","","","","Not","-55°C","","Surface Mount","","","2","2","","","1","Tape and Reel","","","","100mW","","No","Unknown","","10kR","","","","","","","200ppm/°C","SMD/SMT","","5%","","","75V","75V","7.1E-05oz","0.033inch","*","R?","Resistor, smd, 10M, 5%, 0603"
"10nF Cap","Cap_Ceramic_0603","","","","","","","XR7 25V 0603","","","","","","","","","","","","","","","","","","","","","","","","","","Generic","","","","","","","","","","","","XR7 25V 0603","","","","","","","","","","","","","","","","","","","","","","","","","","","10nF","","","","","","*","C?","Capacitor, Ceramic, smd, 10nF, 25V, 10%, XR7, 0603"
"10uF Cap","Cap_Ceramic_0603","","","","","","","25V XR7","","","","","","","","","","","","","","","","","","","","","","","","","","","","","","","","","","","","Generic","","25V XR7 10uF 0603","","","","","","","","","","","","","","","","","","","","","","","","","","","10uF","","","","","","*","C?","Capacitor, Ceramic, smd, 10uF, 25V, 10%, XR7, 0603"
"1N914BWS","1N914BWS","150mA","","","","","Rectifier Diodes","*","","","","","","","","","","","","Tin,Matte","","","Single","","","150mA","1V","","1mm","","","Lead Free","1.8mm","ON Semiconductor / Fairchild","1N914BWS","4A","150°C","","75V","5uA","75V","","-55°C","","Surface Mount","","","2","","","","1","Tape and Reel","*","5uA","200mW","","","No","No SVHC","4ns","","4ns","75V","","","","","","","","","","","","","0.0276g","1.35mm","*","D?","Diode, smd, 75V, 5%, 150mA, SOD323F"
"1k Res","Res_ThinFilm_0603","","","","","","","1k Resistor","","","","","","","","","","","","","","","","","","","","","","","","","","Generic","","","","","","","","","","","","0603 SMD","","","","","","","","","","","","","","","","","","","","","","","","","","","1k","","","","","","*","R?","Resistor, smd, 1k, 5%, 0603"
"1uF Cap","Cap_Ceramic_0603","","1uF","0603","1608","0603","Ceramic Capacitors","25V X7R","","","","","","","","","","","","","0.8mm","X5R","","","","","","Halogen Free","0.8mm","","","Lead Free","1.6mm","Yageo","CC0603KRX5R8BB105","","85°C","","","","","","-55°C","","Surface Mount","","","2","","","","1","Tape and Reel","","","","","","No","No SVHC","","","","","","","","","","SMD/SMT","0.035inch","10%","","25V","25V","25V","","0.031inch","*","*C?","Capacitor, Ceramic, smd, 1UF, 25V, 10% X7R, 0603"
"220nF Cap","Cap_Ceramic_0603","","220nF","0603","1608","0603","Ceramic Capacitors","220nF","","","","","","","","","","","","","","","","","Soft Termination","","","","","","","","0.063inch","Murata","GRJ188R71E224KE11D","","125°C","","","","","","-55°C","","Surface Mount","","","","","","","","Tape and Reel","","","","","","","","","","","","","","","","","","0.035inch","10%","","","25V","","","0.031inch","*","C?","Capacitor, Ceramic, smd, 220nF, 25V, 10%, XR7, 0603"
"2N7002K","","","","","","","","MOSFET N-CH 60V 300mA SOT23","","","","","","","","","","","","","","","","","","","","","","","","","","Vishay","","","","","","","","","","","","60V 300mA SOT23","2N7002K","","","","","","","","","","","","","","","","","","","","","","","","","","60v","","","","","","*","Q?","N-Channel Mosfet, smd, 60V, 300mA, SOT23"
"436500515","","","","","","","","436500515","","","","","","","","","","","","","","","","","","","","","","","","","","","","","","","","","","","","","","","","","","","","","","","","","","","","","","","","","","","","","","","","","","","","","","","*","P?","Micro-Fit 3.0 Vertical Header, 3.00mm Pitch, Single Row, 5 Circuits, with PCB Polarizing Peg, Tin, Glow-Wire Capable, Black"
"436500827","","","","","","","","436500827","","","","","","","","","","","","","","","","","","","","","","","","","","","","","","","","","","","","","","","","","","","","","","","","","","","","","","","","","","","","","","","","","","","","","","","*","P?","Micro-Fit 3.0 Vertical Header, 3.00mm Pitch, Single Row, 8 Circuits, with PCB Polarizing Peg, Tin, Glow-Wire Capable, Black"
"470nF Cap","Cap_Ceramic_0603","","","","","","","470nF","","","","","","","","","","","","","","","","","","","","","","","","","","Generic","","","","","","","","","","","","CAP CER 10UF 25V X5R 0603","","","","","","","","","","","","","","","","","","","","","","","","","","","470nF","","","","","","*","C?","Capacitor, Ceramic, smd, 470nF, 25V, 5%, 0603"
"BQ76200PWR","TSSOP16","","","","","","","BQ76200","","","","","","","","","","","","","","","","","","","","","","","","","","Texas Instruments","","","","","","","","","","","","BQ76200PWR","","","","","","","","","","","","","","","","","","","","","","","","","","","","","","","","","*","U?","High-voltage battery pack front-end charge/discharge high-side NFET driver"
"BQ76930","TSSOP50P640X120-30N","","","","","TFSOP","Battery Management","BQ76930","http://www.ti.com/lit/gpn/bq76930?src-supplier=Mouser","http://www.ti.com/lit/gpn/bq76930?src-supplier=Mouser","http://www.ti.com/lit/ds/symlink/bq76930.pdf?src-supplier=Digi-Key","http://www.ti.com/lit/ds/symlink/bq76930.pdf?src-supplier=Digi-Key","http://www.ti.com/lit/pdf/slpt038?src-supplier=Digi-Key","http://www.ti.com/lit/pdf/slpt038?src-supplier=Digi-Key","http://www.ti.com/general/docs/lit/getliterature.tsp?genericPartNumber=BQ76920&amp;&amp;fileType=pdf&src-supplier=Avnet+Asia","http://www.ti.com/general/docs/lit/getliterature.tsp?genericPartNumber=BQ76920&amp;&amp;fileType=pdf&src-supplier=Avnet+Asia","http://www.ti.com/general/docs/lit/getliterature.tsp?genericPartNumber=BQ76920&&fileType=pdf&src-supplier=Avnet","http://www.ti.com/general/docs/lit/getliterature.tsp?genericPartNumber=BQ76920&&fileType=pdf&src-supplier=Avnet","","Gold","","","","Over Current,Short Circuit,Over/Under Voltage","","","","","","I2C","Test1234","Lead Free","","Texas Instruments","BQ7693003DBTR","","85°C","","","","","","-40°C","","Surface Mount","","","30","","25V","16V","2000","Tape and Reel","","","","","1=4.66000, 10=4.18900, 25=3.96000, 100=3.25600, 250=2.92160, 500=2.81600, 1000=2.34080 (USD)","","","","","","","Yes","4521","Digi-Key","296-39961-1-ND","","","","","","","","","0.003439oz","","*","U?","Battery Monitoring/Fuel Gauge Li-Ion/Li-Polymer/LiFePO4 0V to 16V 30-Pin TSSOP T/R"
"CMPDM7002AHC","CMPDM7002AHC","","","","","","","CMPDM7002AHC","","","","","","","","","","","","","","","","","","","","","","","","","","","","","","","","","","","","","","","","","","","","","","","","","","","","","","","","","","","","","","","","","","","","","","","*","Q?","MOSFET N-CH, 20V, SOT23"
"MFU0603FF01000P500","MFU0603FF01000P500","","","","","","","1A","","","","","","","","","","","","","","","","","","","","","","","","","","","","","","","","","","","","","","","","","","","","","","","","","","","","","","","","","","","","","","","","","","","","","","","*","F?","FUSE BOARD MOUNT 1A 32VDC 0603"
"PH2520U","","","","","","","","PH2520U","","","","","","","","","","","","","","","","","","","","","","","","","","","","","","","","","","","","","","","","","","","","","","","","","","","","","","","","","","","","","","","","","","","","","","","*","Q?","N-channel TrenchMOS ultra low level FET"
"PMV15UNEAR","PMV15UNEAR","","","","","","","MOSFET N","","","","","","","","","","","","","","","","","","","","","","","","","","Nexperia","PMV15UNEAR","","","","","","","","","","","","","","","","","","","","","","","","","","","","","","","","","","","","","","","","","","","","*","Q?","MOSFET N-CH, 20V, SOT23"
"SF-2410F2000T-2","","","","","","","","20A","","","","","","","","","","","","","","","","","","","","","","","","","","","","","","","","","","","","","","","","","","","","","","","","","","","","","","","","","","","","","","","","","","","","","","","*","F?","FUSE BRD MNT 20A 65VAC/65DC 2SMD"
